,name,clouds,countries,dates,humidity,latitude,longitude,max temp,windiness
0,Vao,100,EE,1562786575,86,59.1,26.19,12.78,4.5
1,Biak,100,ID,1562752538,97,-0.91,122.88,17.18,2.01
2,Saskylakh,0,RU,0,72,71.97,114.09,16.98,5.11
3,Ushuaia,40,AR,1562703779,93,-54.81,-68.31,2.0,2.1
4,Mount Isa,90,AU,1562746513,42,-20.73,139.49,18.0,4.1
5,Khatanga,100,RU,0,88,71.98,102.47,9.58,2.59
6,Bluff,86,AU,1562743887,91,-23.58,149.07,15.48,0.84
7,Touros,20,BR,1562703710,83,-5.2,-35.46,25.0,3.1
8,Norman Wells,40,CA,1562742384,42,65.28,-126.83,19.0,3.1
9,Tasiilaq,40,GL,1562721595,81,65.61,-37.64,6.0,4.6
10,Bowen,90,AU,1562744490,88,-20.01,148.25,19.44,1.0
11,Hermanus,0,ZA,1562687214,98,-34.42,19.24,12.78,6.63
12,Shingu,95,JP,1562753351,97,33.72,135.99,18.08,1.58
13,Devils Lake,90,US,1562726145,83,48.11,-98.87,21.0,3.1
14,Hambantota,23,LK,1562763257,82,6.12,81.12,28.08,5.51
15,Ribeira Grande,20,PT,1562707271,83,38.52,-28.7,23.0,6.2
16,Bethel,90,US,1562746345,88,60.79,-161.76,23.0,4.1
17,Malanje,15,AO,1562690839,25,-9.54,16.35,17.08,1.11
18,Cape Town,0,ZA,1562687483,93,-33.93,18.42,13.33,2.6
19,Fairbanks,75,US,1562746737,30,64.84,-147.72,27.78,3.1
20,Saint George,40,GR,1562781569,57,39.45,22.34,29.44,0.9
21,Clyde River,1,CA,0,58,70.47,-68.59,15.0,4.1
22,Barrow,0,AR,1562705689,67,-38.31,-60.23,11.08,2.4
23,Nhulunbuy,33,AU,1562748077,93,-12.18,136.78,19.0,4.44
24,Punta Arenas,90,CL,1562704947,100,-53.16,-70.91,3.0,1.5
25,Ponta do Sol,0,BR,1562704631,56,-20.63,-46.0,14.98,2.37
26,Yellowknife,90,CA,1562736224,58,62.45,-114.38,14.0,4.6
27,Port Macquarie,0,AU,1562741976,87,-31.43,152.91,6.0,3.1
28,Pangnirtung,40,CA,1562729477,76,66.15,-65.72,13.0,2.1
29,Puerto Ayora,75,EC,1562717326,61,-0.74,-90.35,26.0,8.7
30,Muros,75,ES,1562703367,93,42.77,-9.06,22.22,3.1
31,Tiksi,10,RU,0,75,71.64,128.87,14.98,5.73
32,Busselton,31,AU,1562750685,62,-33.64,115.35,13.89,7.66
33,Pisco,90,PE,1562712627,30,-13.71,-76.2,22.0,4.1
34,Rikitea,37,PF,1562725705,83,-23.12,-134.97,23.08,6.8
35,Mataura,100,NZ,1562735634,97,-46.19,168.86,3.89,0.89
36,Araouane,56,ML,1562698521,20,18.9,-3.53,37.48,2.65
37,Calabozo,88,VE,1562712790,87,8.92,-67.43,26.68,2.18
38,Avera,90,US,1562719322,88,33.19,-82.53,35.0,2.86
39,Dharchula,70,IN,1562766100,94,29.85,80.53,12.08,0.87
40,Saint-Pierre,0,FR,1562701632,55,48.95,4.24,18.0,3.1
41,Meulaboh,100,ID,1562759457,77,4.14,96.13,27.38,2.43
42,Atuona,33,PF,1562728110,74,-9.8,-139.03,26.98,4.65
43,Mezen,56,RU,1562788624,84,65.85,44.24,7.18,4.23
44,Nanortalik,100,GL,1562717989,66,60.14,-45.24,8.08,2.12
45,Albany,40,US,1562718863,33,42.65,-73.75,30.56,3.1
46,Gorele,75,TR,1562777866,78,41.03,39.0,24.0,3.6
47,Kodiak,1,US,1562723380,52,39.95,-94.76,33.89,3.1
48,Tuktoyaktuk,75,CA,0,47,69.44,-133.03,15.0,2.1
49,Cavalcante,0,BR,1562705720,45,-13.79,-47.46,17.78,3.1
50,Hobart,75,AU,1562741481,81,-42.88,147.33,10.0,2.6
51,Saint-Philippe,40,CA,1562719384,33,45.36,-73.48,31.11,4.6
52,Cabo San Lucas,5,MX,1562724516,29,22.89,-109.91,36.11,3.1
53,Duldurga,2,RU,1562762250,71,50.67,113.59,12.88,0.51
54,Lagoa,0,PT,1562702174,77,37.14,-8.45,21.67,4.6
55,Kununurra,0,AU,1562749633,77,-15.77,128.74,15.0,2.6
56,Plouzane,0,FR,1562703605,59,48.38,-4.62,18.89,3.1
57,Kapaa,40,US,1562736277,74,22.08,-159.32,29.0,5.7
58,Upernavik,5,GL,0,80,72.79,-56.15,5.68,10.66
59,Poum,33,MK,1562695926,82,41.28,20.71,15.48,0.88
60,Pascagoula,75,US,1562720360,66,30.37,-88.56,34.0,6.7
61,Chuy,100,UY,1562704775,86,-33.69,-53.46,11.18,2.96
62,Boa Vista,40,BR,1562710554,55,2.82,-60.67,31.0,1.0
63,Rundu,0,NA,1562689143,20,-17.91,19.77,18.0,1.5
64,Nikolskoye,90,RU,1562785813,82,59.7,30.79,13.89,2.0
65,Taybad,0,IR,1562771555,23,34.74,60.78,25.68,5.81
66,Malindi,25,KE,1562772175,88,-3.22,40.12,23.08,4.02
67,Kisangani,62,CD,1562689713,93,0.52,25.21,21.58,0.34
68,Xapuri,40,BR,1562711094,52,-10.65,-68.5,31.0,2.1
69,Mayo,40,CA,1562742433,32,63.59,-135.9,21.0,3.6
70,Lorengau,99,PG,1562746574,85,-2.02,147.27,25.18,2.5
71,Nuuk,75,GL,1562722897,87,64.17,-51.74,8.0,6.2
72,Los Llanos de Aridane,3,ES,1562703174,73,28.66,-17.92,22.0,6.2
73,Ilulissat,20,GL,0,46,69.22,-51.1,12.0,1.5
74,Farap,0,TM,1562771619,36,39.18,63.61,26.0,4.1
75,Shouguang,91,CN,1562757995,86,36.88,118.73,23.33,2.52
76,Airai,1,TL,1562751136,78,-8.93,125.41,19.28,2.12
77,Jamestown,0,AU,1562745164,64,-33.21,138.6,7.58,5.09
78,Hopelchen,40,MX,1562719336,62,19.77,-89.85,32.0,5.1
79,Hilo,75,US,1562734984,69,19.71,-155.08,27.22,2.6
80,Huarmey,0,PE,1562713469,87,-10.07,-78.15,17.08,6.66
81,Komsomolskiy,98,RU,0,79,67.55,63.78,7.48,3.19
82,Narsaq,100,GL,1562718683,24,60.91,-46.05,19.0,8.7
83,Mama,75,MX,1562719300,44,20.48,-89.36,37.22,1.68
84,Gushikawa,75,JP,1562754275,88,26.35,127.87,28.0,7.7
85,Novyy Urgal,100,RU,1562757819,93,51.07,132.56,18.78,0.37
86,Laguna,40,BZ,1562718716,70,16.17,-88.94,31.0,6.2
87,Kahului,40,US,1562735453,62,20.89,-156.47,32.0,7.2
88,Broome,75,GB,1562703357,82,52.47,1.45,18.33,4.1
89,Nipawin,1,CA,1562728960,46,53.36,-104.02,23.0,3.1
90,Vaini,96,IN,1562765802,86,15.34,74.49,25.48,4.49
91,Bud,20,NO,1562707552,87,62.91,6.91,16.0,6.2
92,Cayenne,20,GF,1562708764,70,4.94,-52.33,30.0,3.6
93,Graham,90,US,1562723164,59,33.11,-98.59,36.0,4.1
94,Rajkot,99,IN,1562767472,90,22.3,70.8,30.0,8.57
95,Kaputa,99,ZM,1562687752,48,-8.47,29.66,17.78,0.74
96,Ancud,90,CL,1562708334,100,-41.87,-73.83,11.0,4.6
97,Nizhnevartovsk,0,RU,1562775607,93,60.93,76.58,12.0,2.0
98,Ust-Omchug,98,RU,1562758230,80,61.13,149.63,12.28,2.31
99,Teya,75,MX,1562719297,44,21.05,-89.07,37.22,4.43
100,Mahoba,100,IN,1562765657,86,25.29,79.88,26.38,4.51
101,Anito,70,PH,1562753303,94,12.45,125.29,23.28,1.4
102,Havre-Saint-Pierre,75,CA,1562718267,45,50.23,-63.6,19.0,5.1
103,Jiangyou,96,CN,1562760565,82,31.78,104.73,15.68,1.46
104,Masallatah,0,LY,1562696073,37,32.62,14.0,29.08,3.28
105,Kruisfontein,0,ZA,1562685958,87,-34.0,24.73,10.78,1.01
106,Bagarji,1,PK,1562768645,37,27.76,68.75,35.78,7.07
107,Juarez,0,AR,1562707429,45,-38.95,-67.92,17.0,2.1
108,Beringovskiy,0,RU,1562752642,62,63.05,179.32,16.98,2.69
109,East London,0,ZA,1562685335,90,-33.02,27.91,11.18,1.55
110,Makakilo City,40,US,1562735896,74,21.35,-158.09,31.67,4.6
111,Port Alfred,0,ZA,1562685498,93,-33.59,26.89,13.89,1.34
112,Bambous Virieux,20,MU,1562766176,94,-20.34,57.76,21.67,2.1
113,Soyo,40,AO,1562692136,74,-6.13,12.37,27.0,1.5
114,Necochea,0,AR,1562705292,80,-38.55,-58.74,13.89,0.89
115,Chokurdakh,94,RU,0,46,70.62,147.9,20.98,3.41
116,Burnie,100,AU,1562742161,87,-41.05,145.91,11.67,5.36
117,Babstovo,60,RU,1562757012,96,48.12,132.48,19.88,2.8
118,Samana,75,EC,1562714199,78,0.12,-76.97,25.0,0.5
119,Punta Alta,0,AR,1562706179,50,-27.46,-55.82,25.0,2.1
120,Inta,96,RU,1562785223,92,66.04,60.13,7.38,4.22
121,Katsuura,75,JP,1562753741,94,33.93,134.5,23.0,1.5
122,Archidona,40,EC,1562714299,78,-0.91,-77.81,27.0,1.5
123,Lichuan,22,CN,1562759345,91,30.3,108.94,16.78,1.5
124,Mahebourg,20,MU,1562766183,94,-20.41,57.7,21.67,2.1
125,Palmas Bellas,20,PA,1562715860,88,9.23,-80.09,26.0,5.05
126,Morros,40,BR,1562706000,83,-2.87,-44.04,27.0,3.1
127,Cherskiy,8,RU,0,42,68.75,161.3,23.48,3.98
128,Sabang,32,PH,1562754448,97,13.8,121.11,22.88,1.05
129,Bredasdorp,0,ZA,1562687006,93,-34.53,20.04,9.0,1.0
130,Hasaki,75,JP,1562752504,93,35.73,140.83,17.78,3.6
131,San Patricio,0,PY,1562706482,84,-26.98,-56.83,17.68,1.97
132,Trinidad,20,BO,1562709798,51,-14.83,-64.9,30.0,1.5
133,Qaqortoq,100,GL,1562718550,24,60.72,-46.03,19.0,8.7
134,Dikson,100,RU,0,98,73.51,80.55,0.48,4.16
135,Wysokie Mazowieckie,100,PL,1562698457,90,52.92,22.51,14.44,6.2
136,Helena,1,US,1562728924,46,46.59,-112.04,21.0,3.6
137,Lebu,40,ET,1562773717,82,8.96,38.73,16.0,4.1
138,Houma,100,CN,1562759560,58,35.63,111.36,21.38,0.2
139,Kuching,75,MY,1562755791,94,1.56,110.34,24.0,0.5
140,Salalah,75,OM,1562770877,88,17.01,54.1,28.0,2.6
141,Codrington,90,AU,1562742226,100,-28.95,153.24,8.89,2.6
142,Sisimiut,53,GL,0,94,66.94,-53.67,4.28,4.21
143,Karratha,99,AU,1562751947,38,-20.74,116.85,19.38,2.69
144,Saint Anthony,40,US,1562728241,28,43.97,-111.68,24.44,2.1
145,Avarua,20,CK,1562731880,73,-21.21,-159.78,25.0,4.1
146,Makokou,43,GA,1562692684,93,0.56,12.85,20.78,1.07
147,Healesville,75,AU,1562742832,76,-37.65,145.52,11.67,4.6
148,Qaanaaq,100,GL,0,84,77.48,-69.36,4.18,1.85
149,Ballina,100,IE,1562706474,86,54.11,-9.15,17.22,1.34
150,Kodyma,84,UA,1562781800,81,48.1,29.13,11.11,2.81
151,Georgetown,40,GY,1562710350,79,6.8,-58.16,29.0,5.1
152,Kaitangata,100,NZ,1562735377,87,-46.28,169.85,5.56,0.45
153,Kilindoni,0,TZ,1562771818,79,-7.91,39.67,25.98,8.62
154,Wukari,100,NG,1562694152,90,7.87,9.78,23.18,3.22
155,Prieska,0,ZA,1562687035,45,-29.67,22.74,10.38,0.86
156,Nome,1,US,1562721720,56,30.04,-94.42,36.11,3.47
157,Balaipungut,88,ID,1562757914,94,1.11,101.31,23.88,1.22
158,Balikpapan,98,ID,1562753950,99,-1.24,116.86,21.58,1.74
159,Aripuana,12,BR,1562709354,42,-9.17,-60.63,31.98,0.74
160,Thompson,75,CA,1562728389,40,55.74,-97.86,23.0,2.1
161,Adrar,0,DZ,1562698837,6,27.87,-0.29,42.0,2.6
162,Bani Walid,0,LY,1562695947,26,31.76,14.0,28.38,3.14
163,Jackson,40,US,1562727915,49,43.48,-110.76,22.22,5.55
164,Fort Nelson,75,CA,1562735791,42,58.81,-122.69,18.0,2.1
165,Kavieng,100,PG,1562745673,82,-2.57,150.8,25.88,1.72
166,Geraldton,75,CA,1562723722,57,49.72,-86.95,26.0,6.2
167,Yuli,100,CN,1562759146,96,24.82,106.77,18.98,0.28
168,Victoria,75,BN,1562754984,94,5.28,115.24,24.0,1.5
169,Port-Gentil,90,GA,1562693534,88,-0.72,8.78,25.0,2.6
170,Ostrovnoy,100,RU,0,96,68.05,39.51,4.58,7.41
171,Bell Ville,85,AR,1562707142,65,-32.63,-62.69,14.98,2.51
172,Aberfeldy,0,GB,1562706224,88,56.62,-3.87,17.0,4.6
173,Mar del Plata,0,AR,1562705896,70,-46.43,-67.52,7.68,1.74
174,Souillac,0,FR,1562701954,29,45.6,-0.6,24.0,3.6
175,Batagay,0,RU,0,70,67.65,134.64,18.78,1.38
176,Kumluca,0,TR,1562779132,39,36.37,30.29,21.08,2.98
177,College,75,US,1562746783,30,64.86,-147.8,27.78,3.1
178,Caravelas,54,BR,1562703336,64,-17.73,-39.27,21.68,4.97
179,Tshikapa,0,CD,1562690086,27,-6.42,20.79,22.88,1.33
180,Esperance,90,AU,1562749083,87,-33.86,121.89,10.0,5.7
181,Zangakatun,5,AM,1562776190,40,39.82,45.04,22.0,3.1
182,Mayumba,44,GA,1562692816,89,-3.44,10.65,22.48,3.09
183,Bazaliya,3,UA,1562782872,84,49.71,26.47,11.28,4.77
184,Davila,98,PH,1562755084,77,18.47,120.58,28.48,10.28
185,Alugan,70,PH,1562753233,94,12.22,125.48,23.28,1.4
186,Poya,24,NC,1562740281,70,-21.35,165.16,19.48,5.07
187,Mlimba,0,TZ,1562772658,77,-8.78,35.81,17.08,1.87
188,Chipiona,0,PE,1562712301,52,-14.54,-75.2,21.28,6.54
189,Grand Gaube,20,MU,1562766237,94,-20.01,57.66,21.67,2.1
190,Butaritari,37,KI,1562740951,72,3.07,172.79,28.48,1.47
191,Muromtsevo,23,RU,1562773482,97,56.37,75.24,9.58,2.37
192,Elko,1,US,1562728584,16,40.83,-115.76,30.56,4.1
193,Belmonte,0,PT,1562702483,74,40.36,-7.35,22.78,1.34
194,Kuala Kedah,75,MY,1562758655,94,6.11,100.29,26.0,1.05
195,Sao Joao da Barra,0,BR,1562703329,53,-21.64,-41.05,22.0,4.1
196,Fare,22,PF,1562730272,77,-16.7,-151.02,25.08,6.08
197,Udachnyy,0,RU,1562773718,67,66.42,112.4,15.0,3.0
198,Gotsu,90,JP,1562754456,90,35.01,132.22,22.38,4.11
199,Rio Gallegos,75,AR,1562705001,100,-51.62,-69.22,4.0,0.5
200,Diu,91,IN,1562767243,77,20.71,70.98,27.78,6.57
201,Iqaluit,40,CA,1562726452,38,63.75,-68.52,23.0,6.2
202,Fortuna,90,US,1562730556,82,40.6,-124.16,23.33,4.6
203,Sur,100,OM,1562770209,51,22.57,59.53,30.58,7.44
204,Vetlanda,0,SE,1562702050,100,57.43,15.09,13.33,1.5
205,Tual,79,ID,1562749699,82,-5.67,132.75,25.68,10.2
206,Palatka,2,RU,1562757244,68,60.1,150.94,14.08,1.59
207,Chitrakonda,100,IN,1562764285,94,18.12,82.08,22.88,3.11
208,Kalianget,25,ID,1562755014,89,-7.35,109.91,18.98,1.01
209,Namibe,85,AO,1562691264,87,-15.19,12.15,19.58,2.19
210,Zacatepec,21,MX,1562721328,50,20.06,-98.01,20.78,6.2
211,Lengshuijiang,1,CN,1562758385,94,27.66,111.45,16.98,1.07
212,Arraial do Cabo,0,BR,1562703409,60,-22.97,-42.02,21.0,5.1
213,Taltal,87,CL,1562709954,80,-25.41,-70.49,13.38,2.11
214,Chivay,5,PE,1562711320,42,-15.64,-71.6,6.78,3.55
215,Khalkhal,0,IR,1562774964,65,37.62,48.53,13.08,3.5
216,Kysyl-Syr,76,RU,1562767041,88,63.9,122.77,18.78,0.66
217,Kommunisticheskiy,86,RU,1562779039,76,61.68,64.48,10.88,1.59
218,Show Low,1,US,1562726082,17,34.25,-110.03,31.67,5.1
219,Teberda,14,RU,1562777691,96,43.44,41.74,5.28,3.54
220,Havelock,20,US,1562718231,58,34.88,-76.9,30.0,4.6
221,Mahon,40,IE,1562705531,82,51.89,-8.4,15.0,2.6
222,Gazli,0,UZ,1562771830,12,40.13,63.45,28.58,5.28
223,Severo-Kurilsk,94,RU,1562752051,95,50.68,156.12,6.38,5.06
224,Leningradskiy,74,RU,0,69,69.38,178.42,11.18,3.51
225,Provideniya,0,RU,1562838550,43,64.42,-173.23,22.0,4.0
226,Arman,44,RU,1562757188,66,59.7,150.17,15.38,1.45
227,Beloha,0,MG,1562768668,77,-25.17,45.06,16.18,2.11
228,Brownsville,20,US,1562721909,47,25.91,-97.49,36.0,6.7
229,Brooks,53,CA,1562729951,58,50.57,-111.89,21.11,1.79
230,Itaguacu,46,BR,1562703490,82,-19.8,-40.86,13.68,1.98
231,Castro,90,CL,1562708203,100,-42.48,-73.76,11.0,4.6
232,Yulara,0,AU,1562748030,45,-25.24,130.99,7.0,2.6
233,Villamontes,0,BO,1562708754,50,-21.26,-63.47,25.0,0.51
234,Guadalupe y Calvo,100,MX,1562724204,73,26.09,-106.96,20.58,0.83
235,La Palma,15,CO,1562714100,71,5.36,-74.39,26.68,1.75
236,Hauterive,90,CA,1562719090,49,49.18,-68.27,20.0,2.1
237,Tessalit,49,ML,1562697580,33,20.2,1.01,32.28,5.0
238,Port Elizabeth,1,US,1562718517,65,39.31,-74.98,32.22,4.6
239,Kaseda,90,JP,1562754372,88,31.42,130.32,23.0,2.1
240,Ayan,40,IR,1562775988,66,38.23,44.7,12.08,2.03
241,Krasnoarmeysk,0,RU,1562782270,77,56.12,38.15,15.0,4.0
242,Praia da Vitoria,20,PT,1562706917,83,38.73,-27.07,23.0,4.01
243,Haines Junction,96,CA,1562740504,31,60.75,-137.51,19.98,2.07
244,Hithadhoo,7,MV,1562764521,72,-0.6,73.08,28.78,4.91
245,Haapsalu,90,EE,1562787126,93,58.95,23.55,12.78,5.1
246,Ambon,0,FR,1562702896,59,47.55,-2.56,21.11,3.6
247,Ariquemes,0,BR,1562709856,46,-9.91,-63.03,30.28,1.05
248,Ilo,90,PE,1562711043,77,-17.65,-71.34,17.0,1.5
249,Montalvo,0,ES,1562702067,56,40.62,-5.41,23.33,2.6
250,Cidreira,60,BR,1562704485,83,-30.17,-50.22,12.68,2.35
251,Manali,11,IN,1562767242,95,32.25,77.19,5.48,0.47
252,Ifakara,11,TZ,1562772514,68,-8.13,36.68,20.78,1.58
253,Abha,5,SA,1562773795,43,18.22,42.5,23.0,2.22
254,Candelaria,32,PH,1562754388,97,13.93,121.42,22.88,1.05
255,Omboue,100,GA,1562693335,87,-1.57,9.26,22.88,4.83
256,Sladkovo,0,RU,1562774305,94,55.53,70.34,11.58,2.76
257,Viamao,0,BR,1562704689,55,-30.08,-51.02,19.0,1.5
258,Piacabucu,16,BR,1562703420,88,-10.41,-36.43,23.48,4.14
259,Rome,0,IT,1562698021,57,41.89,12.48,28.33,2.6
260,Klaksvik,100,FO,1562710203,81,62.23,-6.59,10.0,7.7
261,Abu Samrah,0,SY,1562777306,53,35.3,37.18,23.78,3.08
262,Hervey Bay,90,AU,1562742775,87,-25.3,152.85,15.56,2.1
263,Kolarovo,100,BG,1562781380,77,44.02,26.88,18.28,1.39
264,Pirovskoye,99,RU,1562769973,77,57.63,92.27,15.08,1.59
265,Longyearbyen,0,NO,0,81,78.22,15.63,9.0,4.6
266,Jumla,99,NP,1562765626,97,29.28,82.18,13.38,0.72
267,Mubi,69,NG,1562693562,89,10.27,13.26,21.78,1.27
268,Trairi,1,BR,1562704815,73,-3.28,-39.27,24.58,1.57
269,Shieli,0,KZ,1562771851,17,44.18,66.74,29.68,5.14
270,Torbay,40,CA,1562714960,49,47.66,-52.73,21.67,8.7
271,Saldanha,4,PT,1562702494,46,41.42,-6.55,22.58,1.37
272,Nisia Floresta,20,BR,1562703561,83,-6.09,-35.21,27.0,3.1
273,Keuruu,75,FI,1562789021,76,62.26,24.71,11.67,3.1
274,Samarai,70,PG,1562744902,88,-10.62,150.67,21.68,2.49
275,Prince Rupert,90,CA,1562735616,82,54.32,-130.32,16.0,3.6
276,Vardo,40,US,1562719235,51,39.62,-77.74,31.0,3.1
277,Santa Maria,0,BR,1562705617,33,-16.02,-48.01,25.0,4.1
278,Aurangabad,100,IN,1562766102,81,19.87,75.33,24.28,5.15
279,Monrovia,75,LR,1562698935,88,6.33,-10.8,26.0,5.03
280,Lhokseumawe,92,ID,1562759316,95,5.18,97.15,21.98,1.09
281,New Norfolk,75,AU,1562741565,81,-42.78,147.06,10.0,2.6
282,Goderich,83,CA,1562721001,71,43.74,-81.71,28.89,0.62
283,Alice Springs,0,AU,1562747519,45,-23.7,133.88,6.0,2.6
284,Lubuagan,65,PH,1562754816,92,17.35,121.18,16.48,0.92
285,Guerrero Negro,0,MX,1562726148,83,27.97,-114.04,18.88,5.84
286,Jimenez,40,PA,1562716337,70,8.54,-82.37,30.0,4.6
287,Berlevag,75,NO,0,81,70.86,29.09,7.0,4.1
288,Palmer,0,AU,1562744791,87,-34.85,139.16,9.44,4.6
289,Springdale,75,US,1562722575,58,36.19,-94.13,33.89,3.1
290,San Pedro de Ycuamandiyu,0,PY,1562706893,59,-24.09,-57.08,22.08,2.23
291,Koungheul,83,SN,1562700686,56,13.98,-14.8,31.08,6.37
292,Carberry,90,CA,1562726742,93,49.87,-99.36,19.0,5.7
293,Vestmannaeyjar,100,IS,1562714571,71,63.44,-20.27,12.28,9.04
294,Constantine,40,DZ,1562698431,38,36.36,6.61,25.0,1.0
295,Carnarvon,0,ZA,1562687008,44,-30.97,22.13,11.28,2.55
296,Port Moresby,20,PG,1562745860,100,-9.47,147.16,21.0,2.6
297,Ulladulla,0,AU,1562741997,81,-35.36,150.48,8.89,5.1
298,Waverley,20,AU,1562742026,70,-33.9,151.26,9.0,4.1
299,Ciudad Bolivar,52,VE,1562711777,60,8.12,-63.55,30.98,0.94
300,Harper,1,US,1562722913,62,30.3,-99.24,36.0,2.6
301,Riverton,1,US,1562727248,18,43.02,-108.38,26.0,8.7
302,Tullamore,0,AU,1562743092,88,-32.63,147.57,4.58,1.54
303,Vila Franca do Campo,20,PT,1562706347,88,37.72,-25.43,21.0,1.5
304,Tucupita,25,VE,1562711513,73,9.06,-62.05,28.58,4.22
305,Namatanai,84,PG,1562745171,79,-3.66,152.44,24.88,0.98
306,Mount Gambier,40,AU,1562743941,81,-37.83,140.78,9.0,7.7
307,Coihaique,75,CL,1562707174,87,-45.58,-72.07,9.0,0.86
308,Padang,99,ID,1562757942,78,-0.92,100.36,28.08,4.53
309,Spirovo,42,RU,1562783609,92,57.42,34.99,10.18,0.86
310,Borovoy,100,RU,1562783111,73,63.23,52.89,12.38,3.44
311,Ugleuralskiy,100,RU,1562778966,90,58.95,57.58,13.89,0.89
312,Caohai,100,CN,1562760003,93,26.87,104.28,12.08,0.65
313,Comodoro Rivadavia,0,AR,1562706009,76,-45.87,-67.48,11.0,1.0
314,Seoul,20,KR,1562756132,68,37.57,126.98,22.0,2.1
315,Sao Miguel do Araguaia,32,BR,1562706421,32,-13.28,-50.16,27.78,1.09
316,Koumac,0,NC,1562740581,60,-20.56,164.28,19.88,6.04
317,Ashqelon,0,IL,1562777385,83,31.67,34.57,26.11,2.1
318,Sao Filipe,60,CV,1562703112,82,14.9,-24.5,23.08,8.44
319,Champerico,40,MX,1562719857,52,16.38,-93.6,31.0,1.5
320,Mirabad,0,IR,1562770493,15,28.27,61.33,22.48,3.14
321,Dalaba,98,GN,1562699728,97,10.69,-12.25,21.48,0.83
322,De Aar,0,ZA,1562686599,47,-30.65,24.01,10.08,1.72
323,Port Lincoln,0,AU,1562745603,73,-34.72,135.86,15.68,12.99
324,Sarkand,100,KZ,1562768965,63,45.41,79.91,19.68,3.36
325,Sitka,0,US,1562724063,64,37.17,-99.65,31.11,1.79
326,Canmore,75,CA,1562730937,63,51.09,-115.35,18.89,5.1
327,Aberdeen,90,US,1562731845,82,46.98,-123.82,23.0,2.47
328,Mecca,15,SA,1562774802,33,21.43,39.83,28.88,2.22
329,Pozo Colorado,0,PY,1562707376,60,-23.49,-58.8,22.88,2.69
330,Van,40,TR,1562776356,45,38.51,43.37,19.0,0.5
331,Itaituba,31,BR,1562708731,68,-4.26,-55.99,28.28,1.43
332,Ingham,100,AU,1562745142,98,-18.65,146.16,17.98,0.73
333,Sorland,0,NO,0,87,67.67,12.69,12.0,4.6
334,Yinchuan,0,CN,1562761273,44,38.48,106.21,18.78,2.8
335,Lompoc,75,US,1562728646,77,34.64,-120.46,25.0,3.1
336,Suez,0,EG,1562691244,62,29.97,32.54,25.68,4.48
337,Liusha,0,CN,1562759013,95,27.21,108.59,15.78,0.36
338,Lavrentiya,0,RU,1562839645,32,65.58,-170.99,21.08,2.74
339,Bouca,100,CF,1562691974,97,6.51,18.28,21.38,1.66
340,Colares,20,PT,1562702702,88,38.8,-9.45,21.67,8.7
341,Bontang,92,ID,1562753938,96,0.12,117.47,22.38,0.88
342,Helong,100,CN,1562757040,98,25.94,116.13,21.48,0.9
343,Khani,75,GE,1562777097,88,41.96,42.96,21.0,1.5
344,Takoradi,100,GH,1562696619,94,4.89,-1.75,22.48,1.56
345,Binzhou,100,CN,1562758264,88,37.38,117.96,23.33,2.08
346,Tiznit,0,MA,1562701350,84,29.7,-9.73,19.78,11.77
347,Viedma,0,AR,1562705924,63,-40.81,-62.99,11.08,2.65
348,Santa Maria da Vitoria,12,BR,1562704977,45,-13.39,-44.19,21.38,2.14
349,Arlit,64,NE,1562695882,18,18.74,7.39,36.58,1.86
350,Flin Flon,75,CA,1562728965,36,54.77,-101.88,24.0,2.6
351,Popondetta,90,PG,1562745672,96,-8.77,148.24,17.48,0.82
352,Canubing,70,PH,1562754394,67,13.36,121.14,26.58,2.19
353,Borogontsy,100,RU,1562763844,97,62.67,131.17,15.88,2.66
354,Lapeer,1,US,1562721242,39,43.05,-83.32,30.0,1.5
355,Ola,1,RU,1562756847,80,59.58,151.3,9.98,0.92
356,Onega,78,RU,1562787343,77,63.91,38.09,10.58,5.84
357,Barsovo,0,RU,1562776589,100,61.17,73.17,10.0,2.0
358,Asosa,61,ET,1562774839,90,10.07,34.53,18.08,1.83
359,Oktyabrskiy,0,RU,1562782101,76,55.61,37.97,15.0,1.0
360,Vilyuysk,49,RU,1562767154,78,63.75,121.63,19.48,1.89
361,Tulle,75,FR,1562701310,88,45.27,1.77,19.44,0.5
362,Vagur,93,FO,1562709670,86,61.47,-6.81,10.08,8.95
363,Sandakan,75,MY,1562754348,100,5.84,118.12,23.0,1.0
364,Kloulklubed,90,PW,1562750595,94,7.04,134.26,25.0,2.1
365,Ambilobe,22,MG,1562769032,82,-13.19,49.05,22.18,2.15
366,Saint-Joseph,0,FR,1562699686,83,43.56,6.97,28.0,1.0
367,Novotroitskaya,0,RU,1562778161,52,45.36,41.53,18.89,4.0
368,Karaton,20,ID,1562756029,61,-6.34,106.1,27.22,5.7
369,Andijan,40,UZ,1562769808,77,40.76,72.37,23.33,3.09
370,Rodrigues Alves,40,BR,1562712383,62,-7.74,-72.65,29.0,2.1
371,Mehtar Lam,75,AF,1562769282,49,34.67,70.21,33.0,3.6
372,Gayeri,99,BF,1562696875,70,12.65,0.49,25.88,0.91
373,Tura,84,RU,1562772860,79,64.27,100.22,13.18,2.37
374,Portel,40,BR,1562707719,85,-1.94,-50.82,26.28,1.19
375,Atar,0,MR,1562700991,10,20.52,-13.05,38.18,8.2
376,Patterson,1,US,1562729268,35,37.47,-121.13,31.0,2.6
377,Ruza,0,RU,1562782565,71,55.7,36.19,14.0,3.0
378,Boende,100,CD,1562690674,92,-0.28,20.88,22.58,1.0
379,Kamenka,36,MD,1562781885,81,48.03,28.7,11.11,2.64
380,Kone,100,MM,1562761259,84,21.12,96.11,24.68,7.6
381,Roald,20,NO,1562707449,87,62.58,6.12,16.0,6.2
382,Shagonar,0,RU,1562767473,65,51.54,92.92,15.78,1.18
383,Hanmer Springs,100,NZ,1562735427,93,-42.52,172.83,1.28,2.3
384,Terrak,79,NO,1562708753,87,65.09,12.37,11.0,1.0
385,Gawler,0,AU,1562744927,87,-34.6,138.75,9.44,4.6
386,Muzhi,99,RU,1562782918,82,65.4,64.7,10.38,2.89
387,Batticaloa,100,LK,1562763280,81,7.71,81.69,25.78,1.21
388,Saucillo,22,MX,1562724056,24,28.03,-105.29,33.08,2.7
389,Vorotynets,3,RU,1562780396,96,56.06,45.86,12.08,2.16
390,Lawrence,40,US,1562723317,52,38.97,-95.24,34.44,4.1
391,El Guamo,100,CO,1562714716,78,10.03,-74.98,26.28,1.95
392,Quatre Cocos,20,MU,1562766191,94,-20.21,57.76,21.67,2.1
393,Somerset,1,US,1562718058,33,41.77,-71.13,31.11,2.6
394,Kampong Chhnang,100,KH,1562758231,75,12.25,104.67,26.58,0.79
395,Tlapacoyan,50,MX,1562721124,73,19.96,-97.21,25.68,1.84
396,Puerto del Rosario,20,ES,1562702178,64,28.5,-13.86,23.0,8.2
397,Llangefni,100,GB,1562705008,87,53.26,-4.31,18.33,5.1
398,Kedougou,75,SN,1562699909,74,12.56,-12.19,30.0,2.2
399,Sechura,15,PE,1562714562,84,-5.56,-80.82,18.68,6.6
400,High Rock,20,BS,1562717391,62,26.63,-78.28,32.0,4.1
401,Pitimbu,20,BR,1562703327,69,-7.47,-34.81,27.0,4.6
402,Rio Grande,0,BR,1562704683,82,-32.03,-52.1,13.0,2.6
403,Newport,90,GB,1562704141,82,51.59,-3.0,21.11,2.6
404,Brae,100,GB,1562707629,87,60.4,-1.35,12.0,5.1
405,Chernyshkovskiy,51,RU,1562778741,60,48.42,42.23,16.68,3.59
406,Aflao,20,TG,1562696036,83,6.12,1.19,26.0,4.1
407,Moron,97,HT,1562715457,68,18.56,-74.26,28.28,1.82
408,San Quintin,69,PH,1562754995,90,17.54,120.52,22.58,1.66
409,Bonfim,67,GY,1562710409,54,3.36,-59.84,30.98,2.96
410,Ketchikan,90,US,1562736330,82,55.34,-131.65,16.0,5.1
411,Japura,67,ID,1562757528,96,-0.42,102.29,22.98,0.86
412,Moose Factory,90,CA,1562722655,78,51.26,-80.61,23.0,2.1
413,Kajaani,0,FI,1562790170,87,64.22,27.73,9.0,1.0
414,Nova Borova,69,UA,1562782634,93,50.69,28.64,11.88,5.05
415,Ulety,0,RU,1562762725,70,51.36,112.48,12.68,0.85
416,Kavaratti,99,IN,1562765744,75,10.57,72.64,29.28,8.21
417,Iraucuba,10,BR,1562704890,61,-3.75,-39.78,25.98,2.18
418,Guilin,75,CN,1562758358,94,25.28,110.29,22.0,1.0
419,Jinchang,0,CN,1562762245,58,38.52,102.19,14.08,0.98
420,Bulgan,100,MN,1562764139,88,48.81,103.53,14.08,1.49
421,Benemerito de las Americas,100,MX,1562719162,52,16.52,-90.64,31.68,2.22
422,Flinders,0,AU,1562742025,81,-34.58,150.85,9.44,5.1
423,Vanimo,95,PG,1562747943,78,-2.67,141.3,26.18,3.61
424,Cedral,0,MX,1562722423,19,23.82,-100.72,29.18,4.05
425,Buala,100,SB,1562743009,85,-8.15,159.59,26.08,6.32
426,Coquimbo,0,CL,1562709584,71,-29.95,-71.34,17.22,5.1
427,Mitsamiouli,1,KM,1562770602,78,-11.38,43.28,25.48,10.26
428,Bondo,100,CD,1562690405,97,3.81,23.69,21.08,0.23
429,Wanning,40,AT,1562699320,55,48.64,13.53,16.0,2.1
430,Prado,0,CO,1562714069,24,3.75,-74.93,36.18,4.0
431,Marihatag,56,PH,1562752684,98,8.8,126.3,20.88,0.49
432,Puerto Escondido,40,MX,1562720633,66,15.86,-97.07,31.0,3.6
433,Waipawa,100,NZ,1562734990,94,-39.94,176.59,4.44,0.72
434,Aksarka,90,RU,1562784848,72,66.56,67.8,9.88,3.09
435,Crotone,64,IT,1562696378,48,39.09,17.12,26.78,2.77
436,Turukhansk,100,RU,1562778062,82,65.8,87.96,10.98,1.98
437,Homer,75,US,1562743176,87,59.64,-151.54,22.22,2.6
438,Auki,100,NG,1562695381,80,12.18,6.51,24.38,1.76
439,Ahipara,0,NZ,1562736580,72,-35.17,173.16,14.48,5.66
440,Marsa Matruh,40,EG,1562692708,88,31.35,27.25,26.0,7.2
441,Carutapera,42,BR,1562706640,83,-1.2,-46.02,25.98,3.09
442,Aykhal,0,RU,1562772733,67,65.95,111.51,15.0,3.0
443,Asmar,0,AF,1562769062,36,35.03,71.36,18.78,1.16
444,Shellbrook,75,CA,1562729480,49,53.22,-106.39,23.0,1.5
445,Gat,14,SN,1562701179,69,14.69,-16.54,27.0,3.6
446,Celendin,40,PE,1562713791,34,-6.87,-78.15,20.0,3.1
447,Icatu,40,BR,1562706012,83,-2.77,-44.05,27.0,3.1
448,Kyaikkami,100,MM,1562760343,78,16.08,97.57,28.08,6.77
449,Zhigansk,34,RU,1562772638,91,66.77,123.37,17.38,4.31
450,Porto Novo,20,BR,1562704147,63,-23.68,-45.44,17.0,0.5
451,Filadelfia,0,PY,1562707806,36,-22.35,-60.04,27.88,3.43
452,Kigoma,0,TZ,1562774527,73,-4.88,29.64,22.0,3.19
453,Tautira,20,PF,1562729713,61,-17.73,-149.15,28.0,1.0
454,Savannah Bight,26,HN,1562718005,79,16.45,-85.85,28.48,9.76
455,Aden,100,YE,1562772601,50,12.79,45.03,33.88,3.4
456,Akdepe,0,TM,1562773173,33,42.05,59.39,28.0,1.0
457,Bodo,100,CI,1562697424,98,5.91,-4.68,22.38,1.6
458,Mustafabad,100,IN,1562766891,68,29.64,77.11,28.68,3.22
459,Takhtamygda,50,RU,1562760986,80,54.1,123.57,14.28,0.93
460,Jalpan,57,MX,1562721771,62,19.0,-100.36,24.44,5.81
461,Najran,40,SA,1562773306,12,17.54,44.22,36.0,5.1
462,Joshimath,100,IN,1562766430,99,30.57,79.57,13.78,1.09
463,Batangafo,100,CF,1562692051,90,7.3,18.29,22.88,1.12
464,Jalu,0,LY,1562693752,31,29.03,21.55,29.28,4.52
465,Vostok,100,RU,1562755792,83,46.45,135.83,17.48,0.51
466,Veraval,0,FR,1562702673,63,49.65,0.71,17.78,4.1
467,Mantua,40,IT,1562699121,83,45.16,10.79,24.0,4.1
468,Beipiao,100,CN,1562758399,60,41.8,120.76,19.48,0.41
469,Bo Rai,100,TH,1562758775,73,12.57,102.54,28.89,1.42
470,Portales,1,US,1562724465,10,34.19,-103.33,35.56,5.1
471,Peleduy,24,RU,1562766120,85,59.63,112.75,15.88,1.38
472,San Carlos,100,NI,1562717180,67,11.12,-84.78,23.89,7.15
473,Ferme-Neuve,97,CA,1562720173,33,46.7,-75.45,27.68,2.28
474,Chicama,75,PE,1562713934,77,-7.84,-79.15,20.0,4.1
475,Pastavy,72,BY,1562784570,97,55.11,26.84,10.28,3.03
476,Yar-Sale,99,RU,1562785600,69,66.83,70.83,8.18,3.26
477,Lokosovo,79,RU,1562776161,80,61.13,74.84,9.18,3.17
478,Saint-Augustin,90,CA,1562719566,33,45.63,-73.98,31.11,5.1
479,Leshukonskoye,30,RU,1562786705,76,64.9,45.76,7.78,3.22
480,Pandan,17,PH,1562753995,74,11.72,122.09,28.38,5.38
481,Sibolga,94,ID,1562758583,74,1.74,98.78,27.68,2.19
482,San Mariano,99,PH,1562754576,93,16.98,122.01,24.08,1.43
483,Svetlaya,100,RU,1562755214,93,46.54,138.33,12.08,1.15
484,Gizo,0,IL,1562777315,83,31.8,34.94,26.11,2.1
485,Portland,40,US,1562718234,33,43.66,-70.25,31.11,3.6
486,Sinnamary,1,GF,1562708959,77,5.38,-52.96,27.58,5.7
487,Dwarka,75,IN,1562766765,79,28.58,77.04,33.33,3.1
488,Deputatskiy,4,RU,0,76,69.3,139.9,17.68,1.23
489,Chekalin,12,RU,1562781933,93,54.1,36.24,12.0,4.0
490,Sao Felix do Xingu,100,BR,1562707534,79,-6.64,-51.99,24.78,1.22
491,Kouango,97,CF,1562691413,94,4.99,19.98,21.98,0.64
492,San Andres,92,PH,1562754021,90,13.32,122.68,24.98,1.21
493,Plettenberg,30,DE,1562701415,62,51.21,7.87,17.78,1.0
494,Zhanaozen,80,KZ,1562775007,44,43.35,52.85,28.48,3.01
495,Shenxian,95,CN,1562758624,75,36.24,115.67,21.48,1.05
496,Grand-Santi,93,GF,1562709189,95,4.27,-54.38,25.38,0.95
497,Gravdal,40,NO,1562705541,87,59.79,5.78,12.78,2.6
498,Chajul,100,GT,1562719145,76,15.48,-91.04,15.08,2.56
499,Dunedin,100,NZ,1562735310,83,-45.87,170.5,9.44,5.81
500,Mongo,28,CD,1562691652,70,-5.62,14.6,20.98,2.22
501,Mahajanga,0,MG,1562769423,83,-15.72,46.32,25.0,2.1
502,Gela,0,IT,1562696716,45,37.07,14.25,29.0,0.41
503,Quelimane,40,MZ,1562685037,83,-17.88,36.89,21.0,0.82
504,Wewak,33,PG,1562747297,91,-3.55,143.63,23.58,1.86
505,Naze,100,NG,1562694556,90,5.43,7.07,23.18,1.42
506,Azle,1,US,1562722883,56,32.9,-97.55,37.22,5.7
507,Durban,100,CA,1562727862,77,51.93,-101.44,20.88,5.11
508,Anadyr,0,RU,1562754917,44,64.73,177.51,24.0,2.0
509,Saint-Georges,80,CA,1562718887,40,46.12,-70.67,26.11,1.79
510,Maragogi,42,BR,1562703271,94,-9.01,-35.22,21.98,1.67
511,Matagami,100,NG,1562694667,94,9.67,8.4,20.48,1.27
512,Talnakh,75,RU,0,93,69.49,88.39,8.0,5.0
513,High Level,75,CA,1562734304,36,58.52,-117.13,18.0,3.1
514,Khor,42,RU,1562756355,92,47.88,134.96,20.18,1.77
515,Methoni,0,GR,1562781267,65,36.82,21.7,26.0,3.1
516,Gainesville,20,US,1562718765,94,29.65,-82.33,30.56,2.1
517,Yumen,43,CN,1562763800,32,40.29,97.04,20.78,7.13
518,Port Hardy,90,CA,1562733715,82,50.7,-127.42,16.0,1.5
519,Salumbar,92,IN,1562766914,77,24.14,74.05,28.18,6.08
520,Hundorp,15,NO,1562705713,68,61.55,9.94,10.56,0.89
521,Dudinka,75,RU,0,93,69.41,86.18,8.0,5.0
522,Sharjah,0,AE,1562771543,59,25.36,55.39,36.0,3.1
523,Isangel,20,VU,1562739495,87,-19.55,169.27,16.0,8.59
524,Tuatapere,100,NZ,1562735928,97,-46.13,167.69,3.89,0.89
525,Bogotol,100,RU,1562769986,89,56.21,89.53,14.08,1.65
526,Minatitlan,40,MX,1562722701,55,19.39,-104.05,31.0,5.1
527,Usinsk,90,RU,1562785749,93,66.0,57.56,5.78,4.11
528,Zyryanka,88,RU,1562762865,43,65.73,150.89,21.98,6.85
529,Preobrazheniye,39,RU,1562755465,95,42.9,133.91,13.48,1.01
530,Gamba,100,CN,1562763970,72,28.28,88.52,5.98,1.96
531,Dezhou,71,CN,1562758672,76,37.45,116.31,22.58,1.8
532,Aljezur,88,PT,1562702287,70,37.31,-8.8,21.67,5.52
533,Lisakovsk,3,KZ,1562775097,66,52.55,62.49,15.78,3.63
534,Chicomuselo,64,MX,1562719471,60,15.77,-92.27,28.78,1.79
535,Londonderry,1,US,1562718338,30,42.87,-71.37,31.11,3.1
536,Shitanjing,0,CN,1562761375,39,39.23,106.34,20.68,5.51
537,Palencia,40,ES,1562702126,56,42.01,-4.53,20.56,1.34
538,Port Blair,89,IN,1562761031,80,11.67,92.75,28.38,8.13
539,Suzun,100,RU,1562770764,94,53.78,82.32,14.78,3.76
540,Mgarr,0,MT,1562696534,54,36.03,14.29,29.0,1.0
541,Kerema,39,PG,1562746343,83,-7.96,145.78,24.78,1.72
542,Moroni,0,GR,1562780215,88,35.09,24.92,27.0,2.1
543,Erenhot,100,CN,1562760886,54,43.65,111.97,20.68,3.77
544,Petropavlovsk-Kamchatskiy,20,RU,1562752199,93,53.05,158.65,12.0,2.0
545,Summerside,40,CA,1562717300,52,46.39,-63.79,21.67,3.6
546,Tori,100,EE,1562786572,88,58.48,24.82,12.22,3.58
547,Coruripe,26,BR,1562703389,93,-10.12,-36.18,21.58,1.74
548,Orange,1,US,1562727888,37,33.79,-117.85,32.0,3.6
549,Eureka,90,US,1562730594,82,40.8,-124.16,23.33,4.6
550,Farmington,1,US,1562726043,6,36.73,-108.21,31.67,2.6
551,Christchurch,100,NZ,1562735278,93,-43.53,172.64,5.56,1.5
552,Lata,100,IN,1562766688,99,30.78,78.62,8.58,1.41
553,Kresttsy,91,RU,1562784608,96,58.25,32.52,11.08,1.91
554,Fallon,90,US,1562727325,87,46.84,-105.12,16.0,10.3
555,Sumbe,0,AO,1562691272,81,-11.2,13.84,22.08,4.27
556,Hobyo,100,SO,1562771002,74,5.35,48.53,25.68,10.92
557,Oktyabrskoye,20,RU,1562771194,93,56.73,85.44,15.56,2.0
558,Cairns,90,AU,1562745423,83,-16.92,145.77,21.0,3.6
559,Vila Velha,0,BR,1562704611,69,-3.71,-38.6,30.0,3.6
560,Shangzhi,99,CN,1562757391,84,45.21,127.96,18.88,1.14
561,Vestmanna,90,FO,1562710285,81,62.16,-7.17,10.0,7.7
562,Alofi,40,NU,1562734554,88,-19.06,-169.92,25.0,4.6
